id,title,url,is_paid,num_subscribers,avg_rating,avg_rating_recent,rating,num_reviews,is_wishlisted,num_published_lectures,num_published_practice_tests,created,published_time,discount_price__amount,discount_price__currency,discount_price__price_string,price_detail__amount,price_detail__currency,price_detail__price_string,generated_description
762616.0,The Complete SQL Bootcamp 2020: Go from Zero to Hero,/course/the-complete-sql-bootcamp/,True,295509.0,4.66019,4.67874,4.67874,78006.0,False,84.0,0.0,2016-02-14T22:57:48Z,2016-04-06T05:16:11Z,455.0,INR,‚Çπ455,8640.0,INR,"‚Çπ8,640","üåê Embark on an immersive journey with The Complete SQL Bootcamp 2020 and transform yourself from a SQL beginner to a master. This comprehensive online course is designed for learners of all backgrounds, offering you the perfect blend of theory and practice.

Over 80+ engaging video lessons, our expert instructors will guide you through the intricacies of Structured Query Language (SQL), teaching you how to manage and manipulate databases effectively. From basic SQL syntax and data querying techniques to advanced concepts such as stored procedures and triggers, you'll gain a thorough understanding of SQL that is essential in today's data-driven world.

Master key SQL skills like joins, aggregations, and subqueries, and learn how to optimize your queries for maximum performance. Dive deep into database normalization and design principles, ensuring that your databases are organized efficiently and scalable. Additionally, you'll explore real-world applications of SQL, including working with popular tools like MySQL, PostgreSQL, and Microsoft SQL Server.

Throughout the course, you'll have ample opportunities to apply your newfound skills in hands-on exercises, ensuring that you not only understand the theory but can also use it effectively in practical scenarios. With instant feedback and expert guidance at every step, you'll feel supported and confident as you progress through the material.

Upon completion of The Complete SQL Bootcamp 2020, you'll be equipped with the knowledge and skills to excel in various data-related roles, from database administrator to business intelligence analyst. With a strong foundation in SQL, you'll open doors to new career opportunities and propel your professional growth.

Don't let your fear of databases hold you back ‚Äì join The Complete SQL Bootcamp 2020 today and embark on an exciting journey towards mastering this essential skill. Enroll now and take the first step towards becoming a SQL hero!"
937678.0,Tableau 2020 A-Z: Hands-On Tableau Training for Data Science,/course/tableau10/,True,209070.0,4.58956,4.60015,4.60015,54581.0,False,78.0,0.0,2016-08-22T12:10:18Z,2016-08-23T16:59:49Z,455.0,INR,‚Çπ455,8640.0,INR,"‚Çπ8,640","Embark on an immersive and comprehensive learning journey with our online course, ""Tableau 2020 A-Z: Hands-On Tableau Training for Data Science."" This extensive program is meticulously designed to empower data enthusiasts and professionals alike, providing the essential skills required to excel in today's competitive data-driven landscape.

In this interactive course, you will dive deep into the world of Tableau, a leading tool in data visualization and business intelligence. The curriculum covers an extensive A-Z guide, ensuring a comprehensive understanding of this powerful platform from scratch.

The hands-on training format offers practical, real-world applications, allowing you to apply your learning instantly. From creating basic charts and graphs to advanced analytics and dashboards, each module is designed to enhance your skills progressively.

Led by seasoned instructors with extensive industry experience, the course is structured to cater to both beginners and intermediate learners. You will have ample opportunities for interaction, feedback, and personalized guidance, ensuring a seamless learning experience tailored to your pace and needs.

By the end of this engaging online course, you will be proficient in using Tableau for data analysis, visualization, and storytelling. You'll learn how to transform raw data into meaningful insights, making critical business decisions with confidence.

Join our global community of learners and take a significant step towards mastering Tableau and advancing your career in data science. Enroll now in the ""Tableau 2020 A-Z: Hands-On Tableau Training for Data Science"" and unlock your full potential in the exciting realm of data analytics!"
1361790.0,PMP Exam Prep Seminar -  PMBOK Guide 6,/course/pmp-pmbok6-35-pdus/,True,155282.0,4.59491,4.59326,4.59326,52653.0,False,292.0,2.0,2017-09-26T16:32:48Z,2017-11-14T23:58:14Z,455.0,INR,‚Çπ455,8640.0,INR,"‚Çπ8,640","üéâ Embark on an engaging and comprehensive learning journey with our PMP Exam Prep Seminar, tailored to help you master the PMBOK Guide 6. This online course is designed for project managers who aspire to obtain their Project Management Professional (PMP) certification, or those looking to refresh and update their skills in line with the latest guide updates.

In this immersive and interactive experience, you'll gain a deep understanding of the PMBOK Guide 6, the foundation upon which the PMP exam is based. You'll delve into the nine knowledge areas and the five process groups that form the backbone of project management, ensuring a holistic and practical approach to learning.

Our expert instructors, with years of real-world experience in project management, will guide you through every step of the course. They'll share valuable insights, tips, and strategies to help you ace the PMP exam. You'll also benefit from a wealth of study materials, including mock tests, practice questions, and case studies that mirror real-life scenarios.

What sets our PMP Exam Prep Seminar apart is its flexibility. Designed for busy professionals, this course allows you to learn at your own pace, whenever and wherever suits you best. Plus, our dedicated support team will be on hand 24/7 to assist you with any queries or concerns you may have.

Join our PMP Exam Prep Seminar today and take a significant step towards enhancing your project management career. With the PMP certification under your belt, you'll open doors to exciting opportunities, increased job prospects, and higher earning potential in this dynamic field. Don't wait - take control of your future and enroll now!"
648826.0,The Complete Financial Analyst Course 2020,/course/the-complete-financial-analyst-course/,True,245860.0,4.54407,4.53772,4.53772,46447.0,False,338.0,0.0,2015-10-23T13:34:35Z,2016-01-21T01:38:48Z,455.0,INR,‚Çπ455,8640.0,INR,"‚Çπ8,640","üöÄ Embark on an unparalleled journey of financial mastery with our comprehensive ""The Complete Financial Analyst Course 2020"". This immersive, online program is meticulously crafted to equip you with the essential skills and knowledge required to excel as a Financial Analyst in today's dynamic global market.

üìö Dive deep into a rich curriculum that covers everything from fundamental accounting and financial management to advanced financial modeling, valuation techniques, and investment strategies. Gain a solid understanding of key concepts such as time-value of money, capital budgeting, cost of capital, and risk & return analysis.

üîç Explore real-world case studies, engage in interactive exercises, and collaborate with fellow students from around the globe to hone your analytical prowess and apply your newfound skills in a practical context.

üåê Learn at your own pace and convenience, with 24/7 access to our state-of-the-art e-learning platform, which includes high-quality video lectures, downloadable resources, and dedicated discussion forums.

üéì Upon completion of the course, you will receive a certificate of achievement, acknowledging your hard-earned expertise in financial analysis. This valuable credential will undoubtedly bolster your resume and open doors to rewarding career opportunities in finance and beyond.

üîù Join our community of successful alumni, who have leveraged this course to climb the corporate ladder, launch their own businesses, or pivot into exciting new careers. Take the first step towards an exhilarating future ‚Äì enroll today in ""The Complete Financial Analyst Course 2020""!"
637930.0,An Entire MBA in 1 Course:Award Winning Business School Prof,/course/an-entire-mba-in-1-courseaward-winning-business-school-prof/,True,374836.0,4.4708,4.47173,4.47173,41630.0,False,83.0,0.0,2015-10-12T06:39:46Z,2016-01-11T21:39:33Z,455.0,INR,‚Çπ455,8640.0,INR,"‚Çπ8,640","üåê Unique and Comprehensive Learning Experience: ""An Entire MBA in 1 Course""

Dive into the world of business with our groundbreaking online course, ""An Entire MBA in 1 Course,"" brought to you by a renowned award-winning business school professor. This innovative program offers you the opportunity to acquire a Master of Business Administration (MBA) level education in a single, convenient online format.

Crafted by an expert educator with years of experience in teaching and business leadership, this course is designed to provide you with a comprehensive understanding of various aspects of modern business management. From strategic planning and financial management to marketing and human resources, this program covers all essential topics that are crucial for success in today's dynamic business environment.

One of the key advantages of our ""An Entire MBA in 1 Course"" is its flexibility. Designed with the busy professional in mind, you can learn at your own pace and on your own schedule. Whether you're a seasoned executive looking to enhance your skills or a fresh graduate eager to kick-start your career, this course offers valuable insights that can help you achieve your goals.

But don't just take our word for it ‚Äì our program has been recognized with numerous awards for its quality and effectiveness. By enrolling in ""An Entire MBA in 1 Course,"" you'll benefit from the proven expertise of a top-tier business school professor, gaining a competitive edge in the job market and setting yourself up for success in the world of business.

Join us today and embark on an exciting learning journey that will transform your understanding of business management. With ""An Entire MBA in 1 Course,"" you can unlock your potential, expand your knowledge, and take your career to new heights ‚Äì all from the comfort of your own home or office!"
1208634.0,Microsoft Power BI - A Complete Introduction [2020 EDITION],/course/powerbi-complete-introduction/,True,124180.0,4.56228,4.57676,4.57676,38093.0,False,275.0,0.0,2017-05-08T13:03:21Z,2017-05-15T18:48:54Z,455.0,INR,‚Çπ455,8640.0,INR,"‚Çπ8,640","Embark on a transformative learning journey with our comprehensive online course, ""Microsoft Power BI - A Complete Introduction [2020 EDITION]"". This immersive program is designed for professionals and enthusiasts seeking to master one of the most powerful business intelligence tools available today ‚Äì Microsoft Power BI.

In this engaging and interactive course, you'll gain a deep understanding of Power BI's capabilities through a series of carefully curated lessons, real-world case studies, and hands-on exercises. Our expert instructors will guide you step-by-step, ensuring that you not only learn the theory but also apply it effectively in practice.

The curriculum is meticulously structured to cover all aspects of Power BI, from data connectivity and modeling to dashboard design and report sharing. You'll explore Power Query, Power Pivot, and the Power BI Service, learning how to transform raw data into meaningful insights that drive business decisions.

By the end of this course, you will be equipped with the skills needed to:

- Connect to various data sources and perform transformations using Power Query
- Create and manage datasets using Power Pivot
- Build interactive reports and dashboards
- Publish your work to the Power BI Service for sharing and collaboration
- Apply best practices for data visualization and storytelling

This online course is self-paced, allowing you to learn at your convenience. Plus, with lifetime access to all course materials, you can revisit lessons whenever you need a refresher or wish to expand your skillset further.

Join us today and take the first step towards unlocking your potential with Microsoft Power BI. Whether you're looking to enhance your professional profile, drive innovation within your organization, or simply satisfy your curiosity, this course offers an unparalleled opportunity for growth and success.

Enroll now in ""Microsoft Power BI - A Complete Introduction [2020 EDITION]"" and embark on a journey that will empower you to make data-driven decisions with confidence!"
864146.0,Agile Crash Course: Agile Project Management; Agile Delivery,/course/agile-crash-course/,True,96207.0,4.32383,4.29118,4.29118,30470.0,False,23.0,0.0,2016-05-30T22:57:40Z,2016-06-23T17:49:26Z,455.0,INR,‚Çπ455,8640.0,INR,"‚Çπ8,640","**""Embark on a Comprehensive 'Agile Crash Course': Mastering Agile Project Management and Agile Delivery!""**

Welcome to the ultimate 'Agile Crash Course' designed for professionals seeking to elevate their project management skills in today's dynamic business environment. This online course is tailored for learners who wish to streamline their workflow, improve team collaboration, and deliver projects efficiently using Agile methodologies.

In this engaging and interactive course, you will gain a deep understanding of Agile Project Management (APM) and Agile Delivery practices that are shaping the future of project management. The curriculum is structured to provide a swift but comprehensive introduction to Agile principles while offering practical, hands-on experience to apply these concepts effectively in real-world scenarios.

The 'Agile Crash Course' consists of seven concise modules, each focusing on a specific aspect of Agile methodologies:

1. **Introduction to Agile:** Discover the origins and core values of Agile, understanding its benefits, and why it is a preferred choice in today's fast-paced world.
2. **Agile Project Management:** Learn the essential project management skills required for Agile projects, including Scrum framework, Kanban, and Lean methodologies.
3. **User Stories & Backlog Management:** Master the art of creating effective user stories and managing product backlogs to ensure continuous delivery of value to customers.
4. **Agile Estimation & Planning:** Acquire the ability to accurately estimate project timelines, prioritize work items, and create actionable plans using Agile tools and techniques.
5. **Continuous Integration, Continuous Delivery (CI/CD):** Understand the principles of CI/CD and learn how to automate your software delivery pipeline for faster, more reliable deployments.
6. **Agile Metrics & Quality Assurance:** Explore key Agile metrics such as velocity, burndown charts, and cycle time, and learn how to ensure high-quality deliverables through continuous testing and feedback.
7. **Scaling Agile: Agile at Scale:** Delve into advanced Agile practices that enable teams to collaborate effectively on large-scale projects, ensuring seamless delivery across multiple teams and stakeholders.

Throughout the course, you will have access to a variety of learning resources, including video lectures, real-world case studies, interactive quizzes, and discussion forums. Additionally, you'll be able to collaborate with fellow learners and industry experts, fostering a vibrant and supportive learning community.

Upon successful completion of the 'Agile Crash Course', you will earn a professional certificate in Agile Project Management and Agile Delivery, demonstrating your expertise in this high-demand skill set. Equip yourself with the tools needed to lead efficient projects, enhance team productivity, and drive business success ‚Äì enroll today!"
321410.0,Beginner to Pro in Excel: Financial Modeling and Valuation,/course/beginner-to-pro-in-excel-financial-modeling-and-valuation/,True,127680.0,4.54034,4.53346,4.53346,28665.0,False,275.0,0.0,2014-10-17T08:39:52Z,2014-11-25T23:00:40Z,455.0,INR,‚Çπ455,8640.0,INR,"‚Çπ8,640","**""Embark on an Immersive Journey from Beginner to Proficient in Financial Modeling and Valuation using Excel!**

Welcome to our comprehensive online course, ""Beginner to Pro in Excel: Financial Modeling and Valuation."" This dynamic, self-paced program is designed for individuals seeking a solid understanding of financial modeling techniques and valuation methodologies, all within the powerful realm of Microsoft Excel.

In this engaging and professional learning environment, you'll gain practical skills that will set you apart in today's competitive job market. Whether you're new to Excel or seeking to enhance your existing knowledge, our expert instructors have crafted an intuitive curriculum that caters to all experience levels.

Over the course of multiple modules, you'll master essential financial modeling tools, including cash flow models, discounted cash flow (DCF) analysis, and leveraged buyout models. Furthermore, you'll delve into valuation methodologies such as the DCF model, comparable company analysis, and precedent transactions to perform in-depth financial analyses with confidence.

Each module includes interactive video lessons, downloadable resources, and real-world case studies that allow you to apply your newfound skills immediately. Our course also features live Q&A sessions with our instructors, providing you with personalized support and feedback every step of the way.

By the end of this program, you'll have a robust understanding of financial modeling and valuation principles, enabling you to create sophisticated models that accurately reflect the real-world complexities of business finance. Plus, you'll receive a certificate upon completion, showcasing your commitment to lifelong learning and professional development.

Don't miss this unique opportunity to elevate your skillset and advance your career in the world of financial analysis! Enroll today in ""Beginner to Pro in Excel: Financial Modeling and Valuation"" and take your first step towards unlocking a wealth of possibilities."""
673654.0,Become a Product Manager | Learn the Skills & Get the Job,/course/become-a-product-manager-learn-the-skills-get-a-job/,True,112572.0,4.50386,4.5008,4.5008,27408.0,False,144.0,0.0,2015-11-18T19:35:12Z,2016-03-17T17:04:59Z,455.0,INR,‚Çπ455,8640.0,INR,"‚Çπ8,640","üåê Embark on an immersive and transformative journey with our online course ""Become a Product Manager | Learn the Skills & Get the Job"". This comprehensive program is meticulously designed for aspiring product managers seeking to elevate their career in today's dynamic digital landscape.

üéØ Our course offers an unparalleled opportunity to gain deep insights into the strategic, tactical, and practical aspects of product management. From ideation to execution, you will master the art of conceptualizing, designing, and launching successful products that resonate with your target audience.

üîç Dive deep into the real-world applications of product management principles, learning from experienced industry professionals who have navigated the challenges of the ever-evolving marketplace. Gain hands-on experience through simulated projects and case studies that mirror real-life scenarios, ensuring you are well-prepared to tackle any challenge that comes your way.

üåê The beauty of our online platform is its flexibility. Study at your own pace, anytime, anywhere, and from any device. Engage in interactive discussions with fellow students and mentors, fostering a global network of like-minded individuals who share your passion for innovation and growth.

üöÄ With the successful completion of this course, you will not only acquire a valuable certification but also position yourself as a highly sought-after product manager. Equip yourself with the knowledge, skills, and confidence to lead product development teams, innovate, and drive success in today's competitive marketplace.

üí° Don't let your aspirations remain unfulfilled ‚Äì seize this opportunity to transform your career, become a product manager, and make an impact in the world of technology and innovation. Enroll now in our ""Become a Product Manager | Learn the Skills & Get the Job"" online course. Let's shape the future together!"
1653432.0,The Business Intelligence Analyst Course 2020,/course/the-business-intelligence-analyst-course-2018/,True,115269.0,4.50067,4.49575,4.49575,23906.0,False,413.0,0.0,2018-04-19T07:00:09Z,2018-04-25T18:40:55Z,455.0,INR,‚Çπ455,8640.0,INR,"‚Çπ8,640","üåê Embark on an immersive journey of knowledge with our ""Business Intelligence Analyst Course 2020"". This comprehensive, online program is specifically designed for aspiring professionals seeking to master the art of transforming raw data into actionable insights.

üíª Through a blend of real-world case studies, interactive lectures, and engaging group projects, you'll delve deep into the world of Business Intelligence (BI), honing your skills in data mining, reporting, analytics, and visualization.

üîç Learn from industry experts as they share their insights on the latest BI tools, techniques, and trends. Gain practical experience working with powerful software such as Tableau, Power BI, and SQL, equipping you to extract meaningful information from vast datasets.

‚è± Flexible scheduling allows you to learn at your own pace, making it easy to balance your personal and professional commitments while advancing your career. The program culminates in a capstone project, where you'll demonstrate your mastery of BI principles by solving real-world data challenges.

üåê Upon completion, join our vibrant global alumni community, with opportunities to network, collaborate, and grow professionally. Kickstart your journey towards becoming a sought-after Business Intelligence Analyst today with our ""Business Intelligence Analyst Course 2020""."
1570206.0,Microsoft Power BI - Up & Running With Power BI Desktop,/course/microsoft-power-bi-up-running-with-power-bi-desktop/,True,86715.0,4.61951,4.63301,4.63301,23580.0,False,117.0,0.0,2018-02-25T19:08:58Z,2018-04-26T17:06:36Z,455.0,INR,‚Çπ455,8640.0,INR,"‚Çπ8,640","üí° Embark on an immersive and practical learning journey with our online course, ""Microsoft Power BI - Up & Running With Power BI Desktop"". This comprehensive program is designed for professionals seeking to master the art of data analysis, visualization, and reporting using Microsoft's powerful business intelligence tool.

In this engaging and interactive experience, you will:

1. üéØ Gain a solid understanding of Power BI Desktop, its features, and functionalities through an introductory module that sets the stage for your data analysis journey.

2. üöÄ Dive into hands-on exercises that allow you to explore and experiment with various aspects of Power BI, from connecting to your data sources to creating interactive dashboards and reports.

3. üåê Learn how to import, transform, clean, and model data to ensure accurate insights and compelling visualizations that tell a story about your data.

4. üìä Master the art of data visualization by creating stunning, customizable charts, graphs, and KPIs tailored to your specific needs and audience.

5. üîé Delve into advanced topics such as DAX formulas, Power Query, and Power BI Service integration to further enhance your skills and expand your toolkit.

6. üèÜ Complete the course with a capstone project that will showcase your newfound expertise in Power BI by applying everything you've learned to solve a real-world data analysis challenge.

Join our global community of learners, led by industry experts who are passionate about empowering individuals and organizations to make data-driven decisions. By the end of this course, you will have the knowledge and skills needed to transform your raw data into meaningful insights that drive business success.

Don't miss out on this opportunity to elevate your career with Microsoft Power BI - Up & Running With Power BI Desktop. Enroll today and take the first step towards mastering data analysis, visualization, and reporting! üöÄ‚ú®"
751792.0,Business Analysis Fundamentals,/course/business-analysis-ba/,True,82015.0,4.49968,4.49034,4.49034,23326.0,False,67.0,0.0,2016-02-03T23:00:19Z,2016-02-21T21:40:32Z,455.0,INR,‚Çπ455,8640.0,INR,"‚Çπ8,640","Embark on an immersive learning journey with our ""Business Analysis Fundamentals"" online course! This comprehensive program is designed for aspiring and established professionals aiming to master the core concepts of business analysis. Our engaging curriculum will provide you with the essential skills needed to critically evaluate, interpret, and communicate data effectively in a business context.

Throughout this course, you'll delve into various aspects of business analysis, including problem-solving methodologies, stakeholder communication, requirements engineering, solution evaluation, and project management techniques. You will learn how to identify, analyze, and document business needs, and develop effective strategies for meeting them.

With our interactive platform, you'll have access to a wide range of multimedia resources, including video lectures, case studies, quizzes, and discussion forums. This dynamic learning environment encourages active participation and peer-to-peer collaboration, fostering a supportive community of like-minded professionals from around the world.

Our esteemed faculty members are industry experts with years of experience in business analysis, ensuring that you receive relevant and practical insights throughout the course. They will guide you through real-world scenarios and offer personalized feedback on your progress, helping you build the confidence and competence needed to excel in your career.

Upon successful completion of the ""Business Analysis Fundamentals"" online course, you'll receive a certificate of achievement that can help you stand out in today's competitive job market. Whether you're looking to advance your current role, transition into a new field, or simply gain a deeper understanding of business analysis principles, this program offers the perfect starting point for your professional growth.

Join us today and embark on an enriching journey towards mastering the fundamentals of business analysis!"
613808.0,Leadership: Practical Leadership Skills,/course/practical-leadership/,True,68148.0,4.5687,4.59302,4.59302,22595.0,False,43.0,0.0,2015-09-16T15:18:48Z,2015-10-09T20:54:44Z,455.0,INR,‚Çπ455,5760.0,INR,"‚Çπ5,760","üåü Unveil Your Hidden Potential with Our Exclusive Online Course on ""Leadership: Practical Leadership Skills""! üöÄ

In this age of rapid transformation and dynamic work environments, the ability to lead effectively is no longer a luxury but a necessity. Our comprehensive online course, ""Leadership: Practical Leadership Skills,"" is designed to equip you with the essential tools needed to become an impactful leader.

üîç Dive Deep into Leadership Fundamentals üîç

- Explore the art and science of leadership through a blend of theoretical insights and real-world applications.
- Understand the role of a leader in driving growth, fostering innovation, and building high-performing teams.
- Gain practical strategies to inspire, motivate, and empower your team members for exceptional results.

üèÜ Master Core Leadership Competencies üèÜ

- Develop strong communication skills to articulate your vision clearly and persuasively.
- Hone your decision-making abilities to navigate complex situations with confidence.
- Cultivate emotional intelligence to foster a positive, inclusive, and productive work environment.

üåç Connect with a Global Community of Learners üåç

- Engage in collaborative learning opportunities with professionals from diverse industries and backgrounds.
- Participate in interactive discussions, case studies, and role-plays to enhance your understanding of leadership concepts.
- Collaborate on real-world projects to gain hands-on experience in applying your newfound skills.

üéâ Reap the Benefits of Flexible Learning üéâ

- Study at your own pace, anytime, anywhere, using our user-friendly online platform.
- Access expert-led video lectures, tutorials, and resources for a personalized learning experience.
- Earn a globally recognized certificate upon successful completion to elevate your professional profile.

Don't miss this golden opportunity to transform your leadership skills and unlock your true potential! Enroll now in our online course, ""Leadership: Practical Leadership Skills,"" and take the first step towards becoming an outstanding leader that inspires positive change. üåüüöÄ"
1288044.0,The Complete Foundation Stock Trading Course,/course/foundation-course/,True,76812.0,4.53878,4.54203,4.54203,21537.0,False,41.0,0.0,2017-07-11T17:01:20Z,2017-08-25T00:48:17Z,455.0,INR,‚Çπ455,8640.0,INR,"‚Çπ8,640","Embark on an exhilarating journey with our comprehensive online course, ""The Complete Foundation Stock Trading Course"". This meticulously crafted program is designed to equip you with the essential skills and knowledge needed to navigate the dynamic world of stock trading.

Whether you're a seasoned investor seeking to refine your strategies or a novice eager to dive into the financial markets, this course offers a rich learning experience tailored to your needs. Through a series of engaging lessons, interactive activities, and real-world examples, you will:

1. Master fundamental concepts such as market analysis, risk management, and portfolio diversification.
2. Gain insights into various trading strategies, including day trading, swing trading, and long-term investing.
3. Understand technical analysis tools like charts, indicators, and patterns to make informed trading decisions.
4. Explore the role of fundamental analysis in assessing a company's financial health and its potential stock performance.
5. Grasp crucial soft skills such as discipline, patience, and emotional control that are vital for success in stock trading.
6. Learn from experienced traders through case studies, live demonstrations, and Q&A sessions.
7. Access valuable resources like comprehensive lesson notes, interactive quizzes, and a supportive community of fellow learners.
8. Receive lifelong access to course content updates, ensuring you stay current with the ever-evolving trading landscape.

Join us today and embark on a transformative learning journey towards financial independence and prosperity. With our ""The Complete Foundation Stock Trading Course"", you'll be well-equipped to thrive in the exciting world of stock trading."
1405632.0,SQL - MySQL for Data Analytics and Business Intelligence,/course/sql-mysql-for-data-analytics-and-business-intelligence/,True,78968.0,4.57035,4.57067,4.57067,21436.0,False,286.0,0.0,2017-10-23T15:17:41Z,2017-10-25T05:29:35Z,455.0,INR,‚Çπ455,8640.0,INR,"‚Çπ8,640","Embark on an engaging and professional journey with our comprehensive online course titled ""SQL - MySQL for Data Analytics and Business Intelligence"". This course is designed to empower individuals seeking a deeper understanding of database management, data analysis, and business intelligence.

Over the course of several modules, you will gain practical skills in using SQL and MySQL, one of the most popular open-source relational databases. The curriculum covers essential topics such as SQL syntax, creating and modifying tables, managing databases, queries for data retrieval, and advanced analytics like aggregation functions, joins, and subqueries.

By mastering these skills, you will be able to effectively manage large volumes of data, extract valuable insights, and make informed business decisions. The course is flexible and self-paced, allowing you to learn at your own convenience.

In addition to theory, the course includes numerous practical exercises and projects to reinforce learning and build confidence in applying SQL and MySQL in real-world scenarios. You will also gain access to a vibrant community of learners and experts, providing opportunities for collaboration, problem-solving, and knowledge sharing.

Whether you are a data analyst, business intelligence professional, or simply looking to enhance your skillset, this course offers invaluable knowledge and skills that can boost your career prospects and contribute to the success of any organization that relies on data for decision-making. Enroll today and take the first step towards becoming an expert in SQL and MySQL for Data Analytics and Business Intelligence!"
1202988.0,The Complete Financial Analyst Training & Investing Course,/course/the-complete-financial-analyst-training-and-investing-course/,True,182002.0,4.49571,4.49507,4.49507,21421.0,False,225.0,0.0,2017-05-03T17:04:31Z,2017-08-17T17:53:15Z,455.0,INR,‚Çπ455,8640.0,INR,"‚Çπ8,640","üåê Embark on an unparalleled journey of mastery with our ""The Complete Financial Analyst Training & Investing Course"". This comprehensive online program is meticulously designed to arm you with the in-depth knowledge and practical skills needed to excel as a Financial Analyst or seasoned investor.

üìö Over 50 engaging, industry-focused lessons cover everything from financial modeling, valuation, and budgeting to portfolio management, trading strategies, and risk analysis. You'll gain an intimate understanding of key financial concepts, tools, and methodologies used by top analysts worldwide.

üöÄ Leverage real-world case studies, interactive exercises, and hands-on projects that simulate real-life scenarios in the finance industry. Apply your newfound knowledge to make informed decisions, forecast trends, and drive growth for your portfolio or organization.

üîç Benefit from a curriculum developed by seasoned financial experts who are passionate about teaching and mentoring their students to success. Enjoy personalized feedback on your work, live Q&A sessions, and access to a vibrant community of peers and instructors for support and collaboration.

üíº Earn a certification that validates your newfound expertise as a Financial Analyst and sets you apart from the competition. Equip yourself with the skills sought after by top financial institutions and investment firms across the globe.

üí∞ Transform your passion for finance into a rewarding career, or take your existing skills to the next level with this powerful online course. Learn at your own pace and on your schedule, giving you the flexibility to balance your education with other commitments.

üîí Join us today and unlock your full potential in the dynamic world of finance and investing. With ""The Complete Financial Analyst Training & Investing Course"", the pathway to success is paved before you! üöÄüìöüí∞"
996228.0,The Ultimate Hands-On Hadoop - Tame your Big Data!,/course/the-ultimate-hands-on-hadoop-tame-your-big-data/,True,114945.0,4.51251,4.52998,4.52998,21394.0,False,101.0,0.0,2016-10-27T21:39:22Z,2017-02-23T18:42:20Z,455.0,INR,‚Çπ455,8640.0,INR,"‚Çπ8,640","Welcome to our online course, ""The Ultimate Hands-On Hadoop - Tame Your Big Data!"". This comprehensive program is designed for individuals seeking a deep understanding of Hadoop, the leading open-source software framework for storing and processing big data.

In this immersive learning experience, you will delve into the core components of Hadoop, including HDFS (Hadoop Distributed File System), MapReduce, YARN (Yet Another Resource Negotiator), and more. You will gain hands-on experience by working on practical projects that mimic real-world scenarios, enabling you to apply your newfound skills effectively.

Our expert instructors will guide you through each step, providing insights into best practices and real-life examples. You'll learn how to optimize Hadoop for performance, troubleshoot common issues, and leverage advanced features such as Hive, Pig, and Spark.

Upon completion of this course, you will be equipped with the skills necessary to manage big data using Hadoop, a highly sought-after competency in today's data-driven world. You'll have the confidence to tackle complex data challenges and drive meaningful insights for your organization.

Don't let your data overwhelm you - tame it! Enroll today in ""The Ultimate Hands-On Hadoop - Tame Your Big Data!"" and embark on a transformative learning journey that will empower you to harness the power of big data.

This online course offers flexibility, allowing you to learn at your own pace from anywhere in the world. Take the first step towards mastering Hadoop and unlocking the potential of big data today!"
965832.0,The Complete Investment Banking Course 2020,/course/the-complete-investment-banking-course-2016/,True,88468.0,4.49804,4.48929,4.48929,19970.0,False,160.0,0.0,2016-09-23T07:55:41Z,2016-10-10T16:16:26Z,455.0,INR,‚Çπ455,8640.0,INR,"‚Çπ8,640","Embark on an immersive and comprehensive learning journey with our online course, ""The Complete Investment Banking Course 2020"". Designed for both aspiring investment bankers and professionals seeking to deepen their knowledge, this program offers a unique blend of theoretical understanding and practical skills essential in the dynamic world of investment banking.

Leveraging the latest digital technologies, our course provides a flexible and interactive learning environment that caters to diverse learning styles. You'll gain insights into financial modeling, valuation techniques, mergers & acquisitions, private equity, and other critical areas in investment banking.

Our expert instructors, who are seasoned professionals in the field, will guide you through real-world case studies and practical exercises, enabling you to apply your newfound skills immediately. The course also includes live Q&A sessions, allowing you to engage directly with your instructors and peers for a more personalized learning experience.

Upon completion of the course, you'll receive a certificate of accomplishment, marking your entry into the esteemed realm of investment banking professionals. Moreover, you'll join an exclusive alumni network, opening up opportunities for career growth, mentorship, and networking.

Don't let the demands of today hold you back from unlocking tomorrow's potential. Enroll now in ""The Complete Investment Banking Course 2020"" and take a significant step towards achieving your professional goals. Your future in investment banking starts here!"
560388.0,How to Start an Amazon FBA Store on a Tight Budget,/course/sell-on-amazon-as-small-start-up/,True,72442.0,4.59922,4.59604,4.59604,19328.0,False,103.0,0.0,2015-07-21T12:08:25Z,2015-11-01T18:25:10Z,455.0,INR,‚Çπ455,8640.0,INR,"‚Çπ8,640","Title: How to Start an Amazon FBA Store on a Tight Budget

Description:

Embark on an exciting and profitable journey with our comprehensive online course, ""How to Start an Amazon FBA Store on a Tight Budget."" Designed for aspiring entrepreneurs who seek financial freedom without breaking the bank, this course offers invaluable insights into launching and scaling your own Amazon Fulfillment by Amazon (FBA) store.

Leverage our industry experts' collective wisdom as they share practical tips and strategies tailored specifically to thrive within budget constraints. Dive deep into essential topics such as product research, sourcing, listing optimization, marketing techniques, inventory management, and more ‚Äì all with an emphasis on maximizing profitability while minimizing upfront costs.

Join our interactive learning community and gain access to:

- Exclusive video lectures featuring actionable advice from successful Amazon sellers
- Step-by-step guides to setting up your store and optimizing its performance
- Real-life case studies demonstrating how others have achieved success on a tight budget
- A supportive forum for networking, collaborating, and seeking advice from fellow learners
- Lifetime access to course materials, ensuring you can revisit lessons whenever needed

Whether you're new to ecommerce or looking to expand your existing business, this online course provides the tools and knowledge you need to turn your dreams into reality. Enroll today and take the first step towards financial independence through Amazon FBA!"
980086.0,Deep Learning Prerequisites: The Numpy Stack in Python (V2+),/course/deep-learning-prerequisites-the-numpy-stack-in-python/,True,239309.0,4.47381,4.54005,4.54005,18322.0,False,47.0,0.0,2016-10-10T06:34:58Z,2016-10-12T16:51:08Z,455.0,INR,‚Çπ455,1280.0,INR,"‚Çπ1,280","Dive into the captivating world of deep learning with our comprehensive online course titled ""Deep Learning Prerequisites: The Numpy Stack in Python (V2+)"". This immersive program is designed for both beginners and intermediate learners who aspire to master the art of deep learning.

In this course, you will embark on an enlightening journey through the core principles of deep learning, focusing primarily on Python's powerful Numpy library (version 2+). The Numpy Stack, consisting of NumPy, SciPy, Matplotlib, and IPython, forms the backbone for scientific computing in Python, making it a crucial skillset in today's data-driven world.

Throughout the course, you will learn how to:
- Master the essentials of NumPy, enabling you to manipulate and analyze large datasets with ease
- Implement various mathematical functions, linear algebra operations, and FFTs using NumPy
- Leverage the powerful features of SciPy for optimization, integration, interpolation, and special functions
- Utilize Matplotlib for data visualization, creating stunning plots to present your findings effectively
- Boost productivity with IPython's interactive shell and notebook interface

This online course offers a flexible learning experience, allowing you to learn at your own pace and schedule. The curriculum is packed with practical examples, exercises, and real-world projects, ensuring that you acquire hands-on skills that can be directly applied in your professional endeavors.

Upon completion of the course, you will have a solid foundation in deep learning prerequisites, empowering you to pursue more advanced topics such as machine learning, neural networks, and convolutional neural networks with confidence. Join our global community of learners and embark on an exciting journey towards mastering deep learning with ""Deep Learning Prerequisites: The Numpy Stack in Python (V2+)"" today!"
,Formation M√©tiers du Financement,/local/formation-metiers-financement,,,,,,,,,,,,,,,,,,"Cette formation en ligne offre une compr√©hension compl√®te des m√©tiers du financement. Elle couvre les fondamentaux des cr√©dits (d√©finition, param√®tres, amortissements), les diff√©rents types de cr√©dits (consommation, leasing, r√©volving), ainsi que les aspects pratiques tels que le calcul des √©ch√©ances, la gestion du risque et les produits financiers sp√©cialis√©s.

Id√©ale pour les professionnels du secteur bancaire, du cr√©dit ou de la gestion d'actifs, cette formation vous permettra de ma√Ætriser les cr√©dits classiques, le cr√©dit-bail, les cr√©dits aux entreprises, la location longue dur√©e, le cr√©dit immobilier et les sp√©cificit√©s du r√©volving.

√Ä travers une approche progressive et structur√©e, vous serez guid√© pas √† pas dans l‚Äôanalyse, la simulation et la compr√©hension des m√©canismes financiers modernes. Une excellente base pour ceux qui souhaitent √©voluer dans le financement ou approfondir leur expertise en mati√®re de cr√©dit."
